feature,importance,std
LTI,0.16636584642663585,0.005112290685924077
historical_missed_payments,0.046726514553052254,0.002901165603729177
loan_amount,0.010712879638868994,0.0013083168515578667
income,0.0006912805880767009,0.002139030038997677
