risk_segment,borrowers,avg_PD,actual_default_rate
Low,13027,0.048992427315970304,0.05081753281645813
Medium,726,0.17573641343082536,0.1928374655647383
High,4870,0.25442535282156276,0.24928131416837782
