{
  "winner": "Gradient Boosting",
  "threshold": 0.15499999999999997,
  "final": {
    "model": "Gradient Boosting",
    "threshold": 0.15499999999999997,
    "accuracy": 0.7408043816785695,
    "precision": 0.24422202001819837,
    "recall": 0.6656746031746031,
    "f1": 0.357342564239116,
    "roc_auc": 0.7210285440926134,
    "pr_auc": 0.24845395562592967,
    "ks": 0.4174916438946667,
    "gini": 0.4420570881852268,
    "brier": 0.0881975022639016,
    "TN": 12454.0,
    "FP": 4153.0,
    "FN": 674.0,
    "TP": 1342.0
  }
}